品編,品名,處方組成,註冊編號
1,一貫煎,生地黃（18克）﹑枸杞子（12克）﹑北沙參（9克）﹑麥門冬（9克）﹑當歸（9克）﹑川楝子（4.5克）,HKC-11468
2,二陳湯,法半夏（15克）﹑陳皮（15克）﹑茯苓（9克）﹑生薑（9克）﹑炙甘草（4.5克）﹑烏梅（3克）,HKNT-11466
3,九味羌活湯,"羌活（6克）﹑防風（6克）﹑蒼朮（6克）﹑細辛（3克）﹑川芎（3克）﹑白芷（3克）﹑生地（3克）﹑黃芩（3
克）﹑生甘草（3克）",HKNT-11467
4,十全大補湯,"黃芪（12克）﹑熟地黃（12克）﹑白朮（9克）﹑茯苓（9克）﹑生薑（9克）﹑當歸（9克）﹑白芍（9克）﹑黨參
（6克）﹑大棗（6克）﹑川芎（6克）﹑肉桂（3克）﹑炙甘草（3克）",HKC-11479
5,八正散,"瞿麥（9克）﹑萹蓄（9克）﹑滑石（9克）﹑車前子（9克）﹑川木通（9克）﹑山梔子（9克）﹑大黃（9克）﹑炙甘
草（9克）",HKC-11465
6,八珍湯,"黨參（9克）﹑白朮（9克）﹑茯苓（9克）﹑熟地黃（9克）﹑當歸（9克）﹑白芍（9克）﹑川芎（9克）﹑生薑（6
克）﹑炙甘草（4.5克）﹑大棗（3克）",HKNT-11464
7,川芎茶調散,"川芎（12克）﹑荊芥（12克）﹑薄荷葉（12克）﹑白芷（6克）﹑羌活（6克）﹑生甘草（6克）﹑防風（4.5克）﹑細
辛（3克）﹑茶葉（9克）",HKNT-11456
11,小青龍湯,"麻黃（9克）﹑桂枝（9克）﹑白芍（9克）﹑法半夏（9克）﹑乾薑（9克）﹑細辛（6克）﹑五味子（6克）﹑炙甘草
（6克）",HKNT-11472
12,小柴胡湯,柴胡（15克）﹑黃芩（9克）﹑法半夏（9克）﹑生薑（9克）﹑黨參（6克）﹑炙甘草（6克）﹑大棗（6克）,HKC-11471
13,丹梔逍遙散,"當歸（6克）﹑白芍（6克）﹑茯苓（6克）﹑白朮（6克）﹑柴胡（6克）﹑牡丹皮（3克）﹑山梔子（3克）﹑炙甘草
（3克）",HKC-11455
14,天王補心丹,"生地黃（12克）﹑酸棗仁（6克）﹑柏子仁（6克）﹑當歸（6克）﹑天門冬（6克）﹑麥門冬（6克）﹑黨參（3克）
﹑丹參（3克）﹑玄參（3克）﹑茯苓（3克）﹑五味子（3克）﹑遠志（3克）﹑桔梗（3克）﹑龍眼肉（3克）",HKC-11470
18,五苓散,澤瀉（15克）﹑豬苓（9克）﹑白朮（9克）﹑茯苓（9克）﹑桂枝（3克）,HKC-11453
19,五味消毒飲,金銀花（18克）﹑野菊花（9克）﹑蒲公英（9克）﹑地丁（9克）﹑天葵子（9克）,HKC-11454
20,止咳散,桔梗（9克）﹑荊芥（9克）﹑紫宛（9克）﹑百部（9克）﹑白前（9克）﹑陳皮（6克）﹑生甘草（3克）,HKNT-11463
21,六君子湯,"黨參（9克）﹑白朮（9克）﹑茯苓（9克）﹑生薑（9克）﹑炙甘草（6克）﹑法半夏（6克）﹑大棗（6克）﹑陳皮
（3克）",HKC-11452
22,六味地黃丸,熟地黃（24克）﹑山萸肉（12克）﹑山藥（12克）﹑澤瀉（9克）﹑牡丹皮（9克）﹑茯苓（9克）,HKC-11451
23,四君子湯,黨參（9克）﹑白朮（9克）﹑茯苓（9克）﹑炙甘草（6克）,HKC-11478
24,四物湯,熟地黃（12克）﹑當歸（9克）﹑白芍（9克）﹑川芎（6克）,HKC-11477
25,四逆散,柴胡（6克）﹑白芍（6克）﹑枳實（6克）﹑炙甘草（6克）,HKC-11476
27,玉屏風散,炙黃耆（18克）﹑白朮（18克）﹑防風（9克）,HKC-11474
28,甘麥大棗湯,小麥（30克）﹑大棗（12克）﹑炙甘草（9克）,HKC-11473
29,生脈散,石柱參（9克）﹑麥門冬（9克）﹑五味子（6克）,HKC-11423
30,左歸丸,"熟地黃（18克）﹑山藥（9克）﹑山茱萸（9克）﹑枸杞子（9克）﹑菟絲子（9克）﹑鹿角膠（9克）﹑龜板（9克）
﹑川牛膝（6克）",HKC-11460
31,右歸丸,"熟地黃（18克）﹑山藥（12克）﹑鹿角膠（12克）﹑杜仲（12克）﹑菟絲子（12克）﹑山茱萸（9克）﹑枸杞子（9
克）﹑當歸（9克）﹑熟附子（6克）﹑肉桂（3克）",HKC-11480
34,仙方活命飲,"金銀花（24克）﹑陳皮（9克）﹑白芷（3克）﹑浙貝母（3克）﹑防風（3克）﹑赤芍（3克）﹑當歸（3克）﹑生甘
草（3克）﹑皂角刺（3克）﹑栝蔞根（3克）﹑乳香（3克）﹑沒藥（3克）",HKNT-11462
35,平胃散,蒼朮（12克）﹑厚樸（9克）﹑陳皮（9克）﹑生薑（6克）﹑大棗（6克）﹑生甘草（3克）,HKC-11475
36,半夏瀉心湯,法半夏（12克）﹑黃芩（9克）﹑乾薑（9克）﹑黨參（9克）﹑炙甘草（9克）﹑大棗（6克）﹑黃連（3克）,HKC-11461
39,血府逐瘀湯,"桃仁（12克）﹑紅花（9克）﹑當歸（9克）﹑生地黃（9克）﹑川牛膝（9克）﹑赤芍（6克）﹑枳殼（6克）﹑桔梗
（4.5克）﹑川芎（4.5克）﹑柴胡（3克）﹑生甘草（3克）",HKC-11422
41,辛荑散,"辛荑花（6克）﹑細辛（6克）﹑藁本（6克）﹑升麻（6克）﹑川芎（6克）﹑木通（6克）﹑防風（6克）﹑羌活（6
克）﹑生甘草（6克）﹑白芷（6克）",HKNT-11459
42,杏蘇散,"紫蘇葉（9克）﹑杏仁（9克）﹑法半夏（9克）﹑茯苓（9克）﹑前胡（9克）﹑生薑（9克）﹑桔梗（6克）﹑枳殼
（6克）﹑陳皮（6克）﹑大棗（6克）﹑生甘草（3克）",HKC-11435
43,杞菊地黃丸,"熟地黃（24克）﹑山茱萸（12克）﹑山藥（12克）﹑澤瀉（9克）﹑牡丹皮（9克）﹑茯苓（9克）﹑枸杞子（9克）
﹑杭菊花（9克）",HKC-11434
44,完帶湯,"白朮（15克）﹑山藥（15克）﹑白芍（12克）﹑黨參（9克）﹑車前子（9克）﹑蒼朮（9克）﹑柴胡（4.5克）﹑黑荊
芥（4.5克）﹑陳皮（3克）﹑生甘草（3克）",HKC-11421
45,沙參麥冬湯,"北沙參（9克）﹑麥門冬（9克）﹑玉竹（9克）﹑桑葉（4.5克）﹑白扁豆（4.5克）﹑栝蔞根（4.5克）﹑生甘草（3
克）",HKC-11411
46,防風通聖散,"石膏（30克）﹑滑石（15克）﹑黃芩（9克）﹑桔梗（9克）﹑生甘草（9克）﹑防風（6克）﹑川芎（6克）﹑當歸
（6克）﹑白芍（6克）﹑大黃（6克）﹑薄荷葉（6克）﹑麻黃（6克）﹑連翹（6克）﹑元明粉（6克）﹑荊芥（6
克）﹑白朮（6克）﹑山梔子（6克）﹑生薑（6克）",HKC-11425
47,定喘湯,"白果（18克）﹑麻黃（9克）﹑法半夏（9克）﹑桑白皮（9克）﹑款冬花（9克）﹑紫蘇子（6克）﹑杏仁（4.5克）
﹑黃芩（4.5克）﹑生甘草（3克）",HKC-11458
48,炙甘草湯,"生地黃（30克）﹑炙甘草（12克）﹑生薑（9克）﹑桂枝（9克）﹑麥門冬（9克）﹑胡麻仁（9克）﹑大棗（9克）﹑
黨參（6克）﹑阿膠（6克）",HKC-11457
49,知柏地黃丸,"熟地黃（24克）﹑山茱萸（12克）﹑山藥（12克）﹑澤瀉（9克）﹑牡丹皮（9克）﹑茯苓（9克）﹑知母（9克）﹑
黃柏（9克）",HKC-11450
50,金匱腎氣丸,"乾地黃（24克）﹑山茱萸（12克）﹑山藥（12克）﹑澤瀉（9克）﹑牡丹皮（9克）﹑茯苓（9克）﹑肉桂（3克）﹑
熟附子（3克）",HKNT-11449
52,羌活勝濕湯,羌活（6克）﹑防風（6克）﹑蔓京子（3克）﹑川芎（3克）﹑炙甘草（3克）﹑藁本（3克）﹑獨活（3克）,HKNT-11441
53,香砂六君湯,"白朮（6克）﹑茯苓（6克）﹑黨參（3克）﹑生甘草（3克）﹑陳皮（3克）﹑法半夏（3克）﹑砂仁（3克）﹑木香
（3克）﹑生薑（3克）",HKC-11447
55,保和丸,山楂（18克）﹑神曲（9克）﹑法半夏（9克）﹑茯苓（9克）﹑陳皮（9克）﹑連翹（6克）﹑萊菔子（6克）,HKC-11448
57,茵陳蒿湯,茵陳蒿（18克）﹑山梔子（12克）﹑大黃（9克）,HKC-11439
58,桑菊飲,"桑葉（9克）﹑杭菊花（9克）﹑杏仁（6克）﹑連翹（6克）﹑桔梗（6克）﹑蘆根（6克）﹑薄荷葉（3克）﹑生甘草
（3克）",HKC-11414
60,桂枝湯,桂枝（9克）﹑白芍（9克）﹑生薑（9克）﹑大棗（9克）﹑炙甘草（6克）,HKC-11415
62,消風散,"石膏（15克）﹑胡麻仁（6克）﹑荊芥（6克）﹑防風（6克）﹑牛蒡子（6克）﹑蟬蛻（6克）﹑蒼朮（6克）﹑苦參
（6克）﹑知母（6克）﹑當歸（6克）﹑生地黃（6克）﹑川木通（3克）﹑生甘草（3克）",HKC-11442
63,荊防敗毒散,"柴胡（9克）﹑前胡（9克）﹑川芎（9克）﹑枳殼（9克）﹑羌活（9克）﹑獨活（9克）﹑茯苓（9克）﹑桔梗（9
克）﹑荊芥（9克）﹑防風（9克）﹑生薑（9克）﹑生甘草（4.5克）﹑薄荷葉（3克）",HKC-11440
64,柴葛解肌湯,"石膏（30克）﹑葛根（15克）﹑柴胡（12克）﹑黃芩（6克）﹑羌活（6克）﹑白芷（6克）﹑白芍（6克）﹑生薑（6
克）﹑大棗（6克）﹑桔梗（3克）﹑生甘草（3克）",HKC-11412
65,柴胡疏肝湯,陳皮（9克）﹑柴胡（9克）﹑川芎（6克）﹑香附子（6克）﹑枳殼（6克）﹑白芍（6克）﹑炙甘草（3克）,HKC-11413
66,桃紅四物湯,桃仁（12克）﹑紅花（9克）﹑生地黃（9克）﹑當歸（9克）﹑赤芍（9克）﹑川芎（9克）,HKC-11443
67,桂枝茯苓丸,桂枝（9克）﹑茯苓（9克）﹑牡丹皮（9克）﹑桃仁（9克）﹑赤芍（9克）,HKC-11446
68,逍遙散,"茯苓（12克）﹑當歸（9克）﹑白朮（9克）﹑柴胡（9克）﹑白芍（9克）﹑生薑（6克）﹑炙甘草（4.5克）﹑薄荷
葉（3克）",HKC-11437
71,參苓白朮散,"茯苓（15克）﹑山藥（15克）﹑白朮（15克）﹑白扁豆（12克）﹑蓮子肉（9克）﹑薏苡仁（9克）﹑黨參（9克）﹑
砂仁（6克）﹑生甘草（6克）﹑大棗（6克）﹑桔梗（6克）﹑陳皮（6克）",HKC-11438
74,麻杏石甘湯,石膏（1.5両）﹑麻黃（9克）﹑杏仁（9克）﹑炙甘草（6克）,HKC-11436
75,補中益氣湯,"黃芪（18克）﹑黨參（12克）﹑白朮（9克）﹑炙甘草（9克）﹑當歸（9克）﹑陳皮（6克）﹑柴胡（6克）﹑升麻
（6克）",HKC-11417
76,補陽還五湯,炙黃耆（30克）﹑當歸尾（9克）﹑赤芍（9克）﹑地龍（9克）﹑川芎（9克）﹑桃仁（9克）﹑紅花（6克）,HKC-11416
78,溫膽湯,"茯苓（12克）﹑法半夏（9克）﹑竹茹（9克）﹑枳實（9克）﹑陳皮（6克）﹑生薑（6克）﹑大棗（6克）﹑炙甘草
（3克）",HKC-11424
83,黃連解毒湯,黃連（9克）﹑山梔子（9克）﹑黃芩（6克）﹑黃柏（6克）,HKC-11426
84,萆薢滲濕湯,"滑石（30克）﹑薏苡仁（15克）﹑萆薢（12克）﹑赤茯苓（12克）﹑黃柏（9克）﹑牡丹皮（9克）﹑澤瀉（9克）﹑
通草（6克）",HKC-11445
86,葛根湯,葛根（15克）﹑麻黃（9克）﹑桂枝（9克）﹑白芍（9克）﹑大棗（9克）﹑炙甘草（6克）﹑生薑（6克）,HKC-11444
90,銀翹散,"金銀花（12克）﹑連翹（12克）﹑薄荷葉（9克）﹑淡豆豉（9克）﹑桔梗（9克）﹑牛蒡子（9克）﹑淡竹葉（6克）
﹑荊芥（6克）﹑蘆根（6克）﹑生甘草（3克）",HKC-11430
91,酸棗仁湯,酸棗仁（15克）﹑茯苓（9克）﹑知母（9克）﹑川芎（9克）﹑生甘草（6克）,HKC-11432
92,蒼耳子散,蒼耳子（12克）﹑辛荑花（12克）﹑白芷（6克）﹑薄荷葉（6克）﹑茶葉（3克）﹑蒽（3克）,HKC-11433
93,增液湯,玄參（30克）﹑麥門冬（18克）﹑生地黃（18克）,HKC-11431
96,獨活寄生湯,"獨活（9克）﹑桑寄生（6克）﹑杜仲（6克）﹑川牛膝（6克）﹑生地黃（6克）﹑秦艽（6克）﹑桂枝（6克）﹑防風
（6克）﹑川芎（6克）﹑黨參（6克）﹑生甘草（6克）﹑茯苓（6克）﹑當歸（6克）﹑白芍（6克）﹑細辛（3克）",HKNT-11429
97,龍膽瀉肝湯,"龍膽草（9克）﹑黃芩（9克）﹑山梔子（6克）﹑車前子（6克）﹑生地黃（6克）﹑澤瀉（6克）﹑柴胡（6克）﹑生
甘草（6克）﹑川木通（6克）﹑當歸（6克）",HKC-11428
98,濟生腎氣丸,"熟地（6克）﹑熟附子（6克）﹑山藥（3克）﹑澤瀉（3克）﹑茯苓（3克）﹑牡丹皮（3克）﹑肉桂（3克）﹑山萸肉
（3克）﹑川牛膝（6克）﹑車前子（3克）",HKNT-11427
99,歸脾湯,"黃芪（12克）﹑龍眼肉（12克）﹑酸棗仁（12克）﹑當歸（9克）﹑白朮（9克）﹑茯神（9克）﹑黨參（9克）﹑木
香（6克）﹑炙甘草（6克）﹑遠志（6克）﹑生薑（6克）﹑大棗（6克）",HKC-11419
103,藿香正氣散,"藿香（15克）﹑白朮（9克）﹑厚樸（9克）﹑桔梗（9克）﹑法半夏（9克）﹑茯苓（6克）﹑大腹皮（6克）﹑白芷
（6克）﹑紫蘇葉（6克）﹑陳皮（6克）﹑炙甘草（3克）﹑生薑（6克）﹑大棗（6克）",HKC-11420
104,蠲痺湯,"炙黃芪（9克）﹑薑黃（9克）﹑當歸（9克）﹑羌活（6克）﹑赤芍（6克）﹑防風（6克）﹑生薑（6克）﹑炙甘草
（3克）",HKC-11418
N-001,七寶美髯丹,何首烏（24克）﹑茯苓（6克）﹑當歸（6克）﹑淮牛膝（6克）﹑枸杞子（6克）﹑菟絲子（6克）﹑補骨脂（3克）,
N-002,二至丸,女貞子（9克）﹑旱蓮草（9克）,
N-003,人參敗毒散,"黨參（9克）﹑前胡（9克）﹑川芎（9克）﹑枳殼（9克）﹑羌活（9克）﹑獨活（9克）﹑茯苓（9克）﹑桔梗（9
克）﹑生薑（9克）﹑柴胡（9克）﹑生甘草（9克）﹑薄荷葉（3克）",
N-004,人參養營湯,"白芍（18克）﹑黃芪（12克）﹑當歸（9克）﹑陳皮（6克）﹑肉桂（3克）﹑黨參（6克）﹑白朮（6克）﹑炙甘草
（6克）﹑熟地黃（9克）﹑五味子（3克）﹑茯苓（3克）﹑遠志（6克）﹑大棗（3克）﹑生薑（4.5克）",
N-005,三黃瀉心湯,大黃（6克）﹑黃連（6克）﹑黃芩（3克）,
N-006,上中下通用痛風丸,"天南星（15克）﹑蒼朮（15克）﹑黃柏（15克）﹑川芎（9克）﹑神曲（9克）﹑桃仁（6克）﹑漢防己（6克）﹑威
靈仙（4.5克）﹑羌活（4.5克）﹑桂枝（4.5克）﹑紅花（4.5克）﹑龍膽草（4.5克）",
N-007,大柴胡湯,"柴胡（9克）﹑黃芩（9克）﹑赤芍（9克）﹑半夏（9克）﹑生薑（9克）﹑枳實（9克）﹑大棗（9克）﹑大黃（9
克）",
N-008,大秦艽湯,"秦艽（9克）﹑川芎（6克）﹑獨活（6克）﹑當歸（6克）﹑白芍（6克）﹑石膏（6克）﹑生甘草（6克）﹑羌活（3
克）﹑防風（3克）﹑白芷（3克）﹑黃芩（3克）﹑白朮（3克）﹑茯苓（3克）﹑生地黃（3克）﹑熟地黃（3克）﹑
細辛（1.5克）",
N-009,小承氣湯,大黃（12克）﹑厚樸（6克）﹑枳實（9克）,
N-010,小建中湯,赤芍（18克）﹑桂枝（9克）﹑炙甘草（6克）﹑生薑（9克）﹑大棗（9克）﹑飴糖（9克）,
N-011,小活絡丹,製川烏（3克）﹑熟附子（3克）﹑天南星（1.5克）﹑地龍（3克）﹑乳香（1.2克）﹑沒藥（1.2克）,
N-012,五積散,"白芷（3克）﹑炙甘草（3克）﹑川芎（3克）﹑茯苓（3克）﹑當歸（3克）﹑肉桂（3克）﹑白芍（3克）﹑半夏（3
克）﹑陳皮（6克）﹑枳殼（6克）﹑麻黃（6克）﹑蒼朮（24克）﹑桔梗（12克）﹑乾薑（4.5克）﹑厚樸（4.5克）",
N-013,升麻葛根湯,升麻（9克）﹑葛根（9克）﹑赤芍（9克）﹑炙甘草（9克）,
N-014,半夏厚樸湯,半夏（12克）﹑茯苓（12克）﹑厚樸（12克）﹑生薑（15克）﹑紫蘇葉（9克）,
N-015,四妙丸,黃柏（9克）﹑薏苡仁（18克）﹑蒼朮（9克）﹑川牛膝（9克）,
N-016,四逆湯,熟附子（9克）﹑乾薑（9克）﹑炙甘草（12克）,
N-017,玉女煎,石膏（15克）﹑熟地黃（15克）﹑麥門冬（6克）﹑知母（4.5克）﹑淮牛膝（4.5克）,
N-018,甘草瀉心湯,法半夏（12克）﹑炙甘草（12克）﹑黃芩（9克）﹑黨參（9克）﹑乾薑（9克）﹑黃連（3克）﹑大棗（6克）,
N-019,甘露飲,"枇杷葉（6克）﹑熟地黃（6克）﹑天門冬（6克）﹑枳殼（6克）﹑茵陳蒿（6克）﹑生地黃（6克）﹑麥門冬（6克）
﹑石斛（6克）﹑炙甘草（6克）﹑黃芩（6克）",
N-020,生化湯,當歸（24克）﹑川芎（9克）﹑桃仁（6克）﹑黑乾薑（1.5克）﹑炙甘草（1.5克）,
N-021,石斛夜光丸,"天門冬（6克）﹑黨參（6克）﹑茯苓（6克）﹑五味子（1.5克）﹑刺疾藜（1.5克）﹑石斛（1.5克）﹑肉蓯蓉（1.5
克）﹑川芎（1.5克）﹑炙甘草（1.5克）﹑青箱子（1.5克）﹑防風（1.5克）﹑黃連（1.5克）﹑水牛角（1.5克）﹑杭
菊花（2.1克）﹑菟絲子（2.1克）﹑山藥（2.1克）﹑枸杞子（2.1克）﹑淮牛膝（2.1克）﹑杏仁（2.1克）﹑麥門冬
（3克）﹑熟地（3克）﹑生地（3克）﹑決明子（2.4克）",
N-022,地黃飲子,"熟地黃（12克）﹑巴戟天（9克）﹑山茱萸（9克）﹑石斛（9克）﹑肉蓯蓉（9克）﹑熟附子（6克）﹑五味子（6
克）﹑肉桂（6克）﹑茯苓（6克）﹑麥門冬（6克）﹑石菖蒲（6克）﹑遠志（6克）",
N-023,安神定志丸,茯苓（12克）﹑茯神（12克）﹑黨參（12克）﹑遠志（12克）﹑石菖蒲（6克）﹑龍齒（6克）,
N-024,托里消毒散（飲）,"黨參（3克）﹑川芎（3克）﹑白芍（3克）﹑黃芪（3克）﹑白朮（3克）﹑茯苓（3克）﹑連翹（3克）﹑金銀花（3
克）﹑白芷（1.5克）﹑生甘草（1.5克）﹑桔梗（1.5克）﹑皂角刺（1.5克）",
N-025,竹茹溫膽湯,"柴胡（6克）﹑竹茹（9克）﹑桔梗（9克）﹑枳實（9克）﹑黃連（1.5克）﹑黨參（15克）﹑陳皮（2.4克）﹑半夏
（2.4克）﹑茯苓（2.4克）﹑香附子（2.4克）﹑生甘草（0.9克）﹑生薑（3克）﹑大棗（3克）",
N-026,芍藥甘草湯,白芍（12克）﹑炙甘草（12克）,
N-027,身痛逐瘀湯,"秦艽（3克）﹑川芎（6克）﹑桃仁（9克）﹑紅花（9克）﹑生甘草（6克）﹑羌活（3克）﹑没藥（6克）﹑當歸（9
克）﹑五靈脂（6克）﹑香附子（3克）﹑淮牛膝（9克）﹑地龍（6克）",
N-028,辛荑清肺飲,"辛荑花（3克）﹑生甘草（3克）﹑知母（6克）﹑山梔子（6克）﹑黃芩（6克）﹑百合（6克）﹑麥門冬（6克）﹑石
膏（6克）﹑枇杷葉（3克）﹑升麻（3克）",
N-029,防己黃芪湯,漢防己（12克）﹑黃芪（12克）﹑炙甘草（6克）﹑白朮（9克）,
N-030,明目地黃丸,"熟地黃（12克）﹑生地黃（12克）﹑山藥（6克）﹑澤瀉（6克）﹑山茱萸（6克）﹑牡丹皮（6克）﹑柴胡（6克）﹑
茯神（6克）﹑當歸（6克）﹑五味子（6克）",
N-031,枇杷清肺飲,枇杷葉（12克）﹑桑白皮（12克）﹑黃柏（6克）﹑黃連（6克）﹑黨參（3克）﹑炙甘草（3克）,
N-032,治濁固本丸,"炙甘草（9克）﹑豬苓（2.15克）﹑蓮須（6克）﹑黃連（6克）﹑茯苓（3克）﹑砂仁（3克）﹑半夏（3克）﹑黃芩
（3克）﹑益智仁（3克）",
N-033,金沸草散,"旋覆花（9克）﹑麻黃（9克）﹑前胡（9克）﹑荊芥（12克）﹑炙甘草（3克）﹑製半夏（3克）﹑赤芍（3克）﹑生
薑（3克）﹑大棗（3克）",
N-034,附子理中丸,黨參（9克）﹑白朮（9克）﹑乾薑（9克）﹑炙甘草（9克）﹑製附子（9克）,
N-035,附桂理中丸,黨參（9克）﹑白朮（9克）﹑乾薑（9克）﹑炙甘草（9克）﹑肉桂（9克）﹑製附子（9克）,
N-036,青蒿鱉甲湯,青蒿（6克）﹑鱉甲（15克）﹑地黃（6克）﹑知母（12克）﹑牡丹皮（9克）,
N-037,保產無憂方,"生薑（9克）﹑當歸（4.5克）﹑川芎（4.5克）﹑菟絲子（4.5克）﹑艾葉（3克）﹑枳殼（3克）﹑炙黃芪（3克）﹑荊
芥炭（3克）﹑羌活（3克）﹑厚樸（3克）﹑川貝母（3克）﹑白芍（3克）﹑甘草（3克）",
N-038,厚樸溫中湯,"厚樸（30克）﹑陳皮（30克）﹑炙甘草（15克）﹑茯苓（15克）﹑草豆蔻（15克）﹑木香（15克）﹑乾薑（3克）﹑
生薑（3克）",
N-039,洗肝明目散,"當歸尾（6克）﹑川芎（6克）﹑赤芍（6克）﹑生地黃（6克）﹑黃連（6克）﹑黃芩（6克）﹑山梔子（6克）﹑石膏
（6克）﹑連翹（6克）﹑防風（6克）﹑荊芥（6克）﹑薄荷葉（6克）﹑杭菊花（6克）﹑刺疾藜（6克）﹑決明子
（6克）﹑羌活（6克）﹑蔓荊子（6克）﹑桔梗（6克）﹑生甘草（6克）",
N-040,胃苓湯,"澤瀉（15克）﹑豬苓（9克）﹑白朮（9克）﹑茯苓（9克）﹑桂枝（3克）﹑蒼朮（12克）﹑厚樸（9克）﹑陳皮（6
克）﹑生薑（6克）﹑大棗（6克）﹑生甘草（3克）",
N-041,香薷飲,香薷（15克）﹑白扁豆（2.15克）﹑厚樸（2.15克）,
N-042,桂枝加龍牡湯,桂枝（9克）﹑赤芍（9克）﹑炙甘草（6克）﹑生薑（9克）﹑大棗（9克）﹑龍骨（9克）﹑牡蠣（9克）,
N-043,桑杏湯,桑葉（6克）﹑杏仁（9克）﹑北沙參（12克）﹑浙貝母（6克）﹑淡豆豉（6克）﹑山梔子（6克）﹑梨皮（6克）,
N-044,柴胡桂枝湯,"柴胡（15克）﹑黃芩（9克）﹑法半夏（9克）﹑生薑（9克）﹑黨參（6克）﹑炙甘草（6克）﹑大棗（6克）﹑桂枝
（9克）﹑白芍（9克）",
N-045,桃核承氣湯,桃仁（15克）﹑大黃（12克）﹑桂枝（6克）﹑炙甘草（6克）﹑元明粉（6克）,
N-046,泰山盤石散,"黨參（3克）﹑黃芪（3克）﹑白朮（6克）﹑炙甘草（1.5克）﹑當歸（3克）﹑川芎（2.4克）﹑白芍（2.4克）﹑熟地
黃（2.4克）﹑續斷（3克）﹑黃芩（3克）﹑砂仁（1.5克）",
N-047,烏梅丸,"烏梅（9克）﹑黃連（9克）﹑細辛（3克）﹑乾薑（6克）﹑當歸（2.4克）﹑熟附子（3克）﹑川花椒（2.4克）﹑桂
枝（3克）﹑黨參（3克）﹑黃柏（3克）",
N-048,烏藥湯,烏藥（2.15克）﹑香附子（6克）﹑當歸（3克）﹑木香（1.5克）﹑炙甘草（1.5克）,
N-049,益氣聰明湯,"黃芪（1.215克）﹑黨參（1.215克）﹑升麻（7.15克）﹑葛根（9克）﹑蔓荊子（4.5克）﹑白芍（3克）﹑黃柏（3
克）﹑炙甘草（1.5克）",
N-050,茵陳五苓散,茵陳蒿（30克）﹑澤瀉（15克）﹑豬苓（9克）﹑白朮（9克）﹑茯苓（9克）﹑桂枝（3克）,
N-051,參蘇飲,"黨參（9克）﹑紫蘇葉（9克）﹑葛根（9克）﹑半夏（9克）﹑前胡（9克）﹑茯苓（9克）﹑木香（6克）﹑枳殼（6
克）﹑桔梗（6克）﹑陳皮（6克）﹑炙甘草（6克）",
N-052,清上防風湯,"川芎（6克）﹑黃芩（6克）﹑連翹（2.15克）﹑桔梗（2.15克）﹑防風（9克）﹑山梔子（4.5克）﹑黃連（4.5克）﹑
枳殼（4.5克）﹑荊芥（4.5克）﹑生甘草（3克）﹑薄荷葉（4.5克）﹑白芷（2.15克）",
N-053,清肺飲,"柴胡（6克）﹑杏仁（3克）﹑桔梗（3克）﹑赤芍（3克）﹑荊芥（3克）﹑枳殼（3克）﹑桑白皮（3克）﹑五味子
（3克）﹑麻黃（3克）﹑半夏（3克）﹑旋覆花（1.5克）﹑黨參（1.5克）﹑生甘草（4.5克）﹑生薑（3克）﹑薄荷葉
（3克）",
N-054,清胃散,生地黃（3克）﹑當歸（3克）﹑牡丹皮（6克）﹑黃連（6克）﹑升麻（12克）,
N-055,清氣化痰丸,"陳皮（6克）﹑杏仁（6克）﹑枳實（6克）﹑黃芩（6克）﹑括蔞仁（6克）﹑茯苓（6克）﹑膽南星（9克）﹑法半夏
（9克）",
N-056,清瘟敗毒散,"石膏（9克）﹑生地黃（12克）﹑水牛角（12克）﹑黃連（9克）﹑山梔子（6克）﹑桔梗（6克）﹑黃芩（6克）﹑知
母（6克）﹑赤芍（6克）﹑玄參（6克）﹑連翹（6克）﹑生甘草（6克）﹑牡丹皮（6克）﹑淡竹葉（6克）",
N-057,牽正散,白附子（6克）﹑白僵蠶（6克）﹑全蠍（6克）,
N-058,疏經活血湯,"生甘草（3克）﹑川芎（3克）﹑漢防己（3克）﹑羌活（3克）﹑龍膽草（3克）﹑白芷（3克）﹑防風（3克）﹑茯苓
（3克）﹑生地黃（6克）﹑當歸（6克）﹑淮牛膝（6克）﹑蒼朮（6克）﹑威靈仙（6克）﹑陳皮（6克）﹑桃仁（6
克）﹑白芍（6克）﹑生薑（6克）",
N-059,通幽湯,"桃仁（3克）﹑紅花（3克）﹑生地黃（6克）﹑熟地黃（6克）﹑當歸（9克）﹑炙甘草（9克）﹑升麻（9克）﹑檳榔
（6克）",
N-060,麥味地黃丸,"熟地黃（24克）﹑山茱萸（12克）﹑山藥（12克）﹑澤瀉（9克）﹑牡丹皮（9克）﹑茯苓（9克）﹑麥門冬（9克）
﹑五味子（6克）",
N-061,麥門冬湯,麥門冬（18克）﹑半夏（9克）﹑黨參（6克）﹑生甘草（6克）﹑大棗（9克）,
N-062,麻子仁丸,火麻仁（12克）﹑白芍（12克）﹑枳實（12克）﹑大黃（12克）﹑厚樸（9克）﹑杏仁（9克）,
N-063,散腫潰堅湯,"黃芩（24克）﹑龍膽草（15克）﹑天花粉（15克）﹑黃柏（15克）﹑知母（15克）﹑桔梗（15克）﹑昆布（15克）
﹑炙甘草（9克）﹑三棱（9克）﹑莪朮（9克）﹑連翹（9克）﹑葛根（6克）﹑白芍（6克）﹑當歸（6克）﹑黃連
（6克）﹑升麻（1.8克）",
N-064,越鞠丸,香附子（9克）﹑川芎（9克）﹑蒼朮（9克）﹑神曲（9克）﹑山梔子（9克）,
N-065,黃芪桂枝五物湯,黃芪（9克）﹑白芍（9克）﹑桂枝（9克）﹑生薑（9克）﹑大棗（9克）,
N-066,黃芪建中湯,赤芍（18克）﹑桂枝（9克）﹑炙甘草（6克）,
N-067,黃連上清丸,"黃連（9克）﹑旋覆花（1.5克）﹑川芎（3克）﹑防風（3克）﹑黃柏（3克）﹑石膏（3克）﹑薄荷葉（3克）﹑生甘
草（3克）﹑山梔子（6克）﹑荊芥（6克）﹑黃芩（6克）﹑連翹（6克）﹑桔梗（6克）﹑白芷（6克）﹑蔓荊子（6
克）﹑杭菊花（12克）﹑大黃（24克）",
N-068,黃龍湯,大黃（9克）﹑枳實（9克）﹑厚樸（9克）﹑當歸（9克）﹑元明粉（6克）﹑黨參（6克）﹑生甘草（3克）,
N-069,萆薢分清湯,益智仁（9克）﹑萆薢（9克）﹑石菖蒲（9克）﹑烏藥（9克）﹑茯苓（9克）﹑生甘草（9克）,
N-070,溫脾湯,大黃（9克）﹑當歸（9克）﹑乾薑（9克）﹑熟附子（6克）﹑黨參（6克）﹑元明粉（6克）﹑生甘草（6克）,
N-071,當歸芍藥散,當歸（9克）﹑白芍（30克）﹑茯苓（12克）﹑白朮（12克）﹑澤瀉（15克）﹑川芎（15克）,
N-072,當歸拈痛湯,"白朮（4.5克）﹑黨參（6克）﹑苦參（6克）﹑升麻（6克）﹑葛根（6克）﹑蒼朮（6克）﹑防風（9克）﹑知母（9
克）﹑澤瀉（9克）﹑黃芩（9克）﹑豬苓（9克）﹑當歸（9克）﹑炙甘草（15克）﹑茵陳蒿（9克）﹑羌活（15克）",
N-073,當歸飲子,"當歸（6克）﹑白芍（6克）﹑川芎（6克）﹑生地黃（6克）﹑刺蒺藜（6克）﹑防風（6克）﹑刺芥（6克）﹑何首烏
（3克）﹑黃芪（3克）﹑炙甘草（3克）﹑生薑（6克）",
N-074,葦莖湯,葦莖（30克）﹑薏苡仁（15克）﹑瓜瓣（12克）﹑桃仁（4.5克）,
N-075,過期飲,"桃仁（12克）﹑紅花（9克）﹑生地黃（9克）﹑當歸（9克）﹑赤芍（9克）﹑川芎（9克）﹑香附子（9克）﹑莪朮
（9克）﹑木通（9克）﹑肉桂（9克）﹑生甘草（9克）",
N-076,膈下逐瘀湯,"五靈脂（6克）﹑當歸（9克）﹑川芎（6克）﹑桃仁（9克）﹑牡丹皮（6克）﹑赤芍（6克）﹑烏藥（6克）﹑延胡索
（3克）﹑生甘草（9克）﹑香附子（4.5克）﹑紅花（9克）﹑枳殼（4.5克）",
N-077,增液承氣湯,玄參（24克）﹑麥門冬（18克）﹑生地黃（18克）﹑大黃（9克）﹑元明粉（3克）,
N-078,潤腸丸,桃仁（30克）﹑胡麻仁（30克）﹑當歸尾（3克）﹑大黃（3克）﹑羌活（3克）,
N-079,調胃承氣湯,大黃（12克）﹑炙甘草（6克）﹑元明粉（18克）,
N-080,養陰清肺湯,"生地黃（6克）﹑麥門冬（1.6克）﹑生甘草（1.5克）﹑玄參（4.5克）﹑浙貝母（2.4克）﹑牡丹皮（2.4克）﹑薄荷葉
（1.5克）﹑白芍（2.4克）",
N-081,橘皮竹茹湯,橘皮（12克）﹑竹茹（12克）﹑生薑（9克）﹑生甘草（6克）﹑黨參（3克）﹑大棗（6克）,
N-082,橘核丸,"橘核（6克）﹑海藻（6克）﹑昆布（6克）﹑海帶（6克）﹑川楝子（6克）﹑桃仁（6克）﹑厚樸（3克）﹑木通（3
克）﹑枳實（3克）﹑延胡索（3克）﹑桂枝（3克）﹑木香（3克）",
N-083,薏苡仁湯,"薏苡仁（30克）﹑赤芍（4.5克）﹑當歸（4.5克）﹑麻黃（2.4克）﹑桂枝（2.4克）﹑蒼朮（3克）﹑炙甘草（2.1克）
﹑生薑（6克）",
N-084,鎮肝熄風湯,"准牛膝（30克）﹑代赭石（30克）﹑龍骨（15克）﹑牡蠣（15克）﹑龜板（15克）﹑白芍（15克）﹑玄參（15克）
﹑天門冬（15克）﹑川楝子（6克）﹑麥芽（6克）﹑茵陳蒿（6克）﹑生甘草（4.5克）",
N-085,丁香杮蒂湯,丁香（9克）﹑杮蒂（9克）﹑黨參（6克）﹑生薑（9克）,
N-086,七味白朮散,茯苓（15克）﹑白朮（15克）﹑黨參（2.15克）﹑生甘草（3克）﹑藿香（15克）﹑木香（6克）﹑葛根（15克）,
N-087,七物降下湯,鈎藤（6克）﹑黃芪（4.5克）﹑當歸（4.5克）﹑赤芍（4.5克）﹑川芎（4.5克）﹑生地黃（4.5克）﹑黃柏（3克）,
N-088,二仙湯,仙茅（12克）﹑淫羊藿（12克）﹑當歸（9克）﹑巴戟天（9克）﹑黃柏（6克）﹑知母（9克）,
N-089,十六味流氣飲,"當歸（6克）﹑川芎（6克）﹑白芍（6克）﹑桂枝（6克）﹑黨參（6克）﹑桔梗（6克）﹑白芷（3克）﹑黃芪（3
克）﹑木香（3克）﹑烏藥（3克）﹑厚樸（3克）﹑枳殼（3克）﹑檳榔（3克）﹑紫蘇葉（3克）﹑防風（3克）﹑生
甘草（3克）",
N-090,八味帶下方,"當歸（15克）﹑川芎（9克）﹑茯苓（9克）﹑木通（9克）﹑陳皮（6克）﹑土茯苓（12克）﹑金銀花（3克）﹑大黃
（3克）",
N-091,十味香薷飲,"香薷（9克）﹑黃芪（3克）﹑黨參（3克）﹑白朮（1鐖）﹑陳皮（3克）﹑木瓜（3克）﹑厚樸（3克）﹑白扁豆（3
克）﹑炙甘草（3克）﹑茯苓（3克）",
N-092,十神湯,"川芎（6克）﹑炙甘草（6克）﹑麻黃（6克）﹑升麻（6克）﹑赤芍（6克）﹑白芷（6克）﹑陳皮（6克）﹑紫蘇葉
（6克）﹑香附子（6克）﹑生薑（3克）﹑葛根（12克）",
N-093,三黃石膏湯,"黃連（9克）﹑黃柏（3克）﹑山梔子（3克）﹑玄參（3克）﹑黃芩（4.5克）﹑知母（4.5克）﹑石膏（9克）﹑炙甘
草（2.1克）",
N-094,大羌活湯,"羌活（6克）﹑升麻（6克）﹑獨活（3克）﹑蒼朮（3克）﹑防風（3克）﹑威靈仙（3克）﹑白朮（3克）﹑當歸（3
克）﹑茯苓（3克）﹑澤瀉（3克）",
N-095,大青龍湯,麻黃（18克）﹑桂枝（6克）﹑炙甘草（6克）﹑杏仁（12克）﹑生薑（9克）﹑大棗（9克）﹑石膏（12克）,
N-096,大黃牡丹湯,大黃（12克）﹑桃仁（6克）﹑牡丹皮（6克）﹑元明粉（3克）﹑冬瓜仁（9克）,
N-097,小陷胸湯,黃連（6克）﹑法半夏（12克）﹑栝蔞實（12克）,
N-098,小薊飲子,"生地黃（6克）﹑小薊（9克）﹑滑石（9克）﹑川木通（9克）﹑蒲黃（9克）﹑淡竹葉（9克）﹑藕節（9克）﹑當歸
（9克）﹑山梔子（9克）﹑炙甘草（9克）",
N-099,小續命湯,"麻黃（6克）﹑漢防己（6克）﹑黨參（6克）﹑黃芩（6克）﹑桂枝（6克）﹑生甘草（6克）﹑赤芍（6克）﹑川芎
（6克）﹑杏仁（6克）﹑熟附子（6克）﹑防風（6克）﹑生薑（6克）",
N-100,五淋散,赤茯苓（9克）﹑當歸（6克）﹑生甘草（6克）﹑赤芍（15克）﹑山梔子（15克）,
N-101,四味香薷飲,香薷（30克）﹑厚樸（15克）﹑白扁豆（15克）﹑黃連（9克）﹑生薑（3克）,
N-102,四神丸,補骨脂（12克）﹑吳茱萸（12克）﹑肉豆蔻（6克）﹑五味子（6克）﹑生薑（9克）﹑大棗（9克）,
N-103,左金丸,黃連（9克）﹑吳茱萸（1.5克）,
N-104,吳茱萸湯,吳茱萸（30克）﹑黨參（6克）﹑生薑（18克）﹑大棗（9克）,
N-105,芍藥湯,"赤芍（30克）﹑當歸（15克）﹑黃芩（15克）﹑黃連（15克）﹑大黃（9克）﹑肉桂（2.15克）﹑檳榔（6克）﹑木香
（6克）﹑炙甘草（6克）",
N-106,延齡固本丹,"肉蓯蓉（12克）﹑天門冬（6克）﹑麥門冬（6克）﹑熟地黃（6克）﹑生地黃（6克）﹑山藥（6克）﹑淮牛膝（6
克）﹑杜仲（6克）﹑巴戟天（6克）﹑五味子（6克）﹑山茱萸（6克）﹑柏子仁（6克）﹑茯苓（6克）﹑黨參（6
克）﹑木香（6克）﹑川花椒（3克）﹑石菖蒲（3克）﹑枸杞子（6克）﹑遠志（3克）﹑澤瀉（3克）﹑覆盆子（4.5
克）﹑車前子（4.5克）﹑菟絲子（4.5克）﹑地骨皮（4.5克）",
N-107,金水六君煎,當歸（6克）﹑茯苓（6克）﹑法半夏（6克）﹑熟地黃（12克）﹑陳皮（4.5克）﹑炙甘草（3克）﹑生薑（9克）,
N-108,枳縮二陳湯,"法半夏（9克）﹑茯苓（9克）﹑香附子（6克）﹑厚樸（6克）﹑延胡索（6克）﹑陳皮（6克）﹑砂仁（6克）﹑小茴
香（3克）﹑木香（3克）﹑枳實（6克）﹑草豆蔻（3克）﹑生薑（6克）",
N-109,射干麻黃湯,"射干（9克）﹑麻黃（12克）﹑生薑（12克）﹑細辛（9克）﹑紫宛（9克）﹑款冬花（9克）﹑五味子（15克）﹑大
棗（9克）﹑法半夏（15克）",
N-110,桂枝芍藥知母湯,"桂枝（12克）﹑知母（12克）﹑防風（12克）﹑白芍（9克）﹑炙甘草（6克）﹑麻黃（6克）﹑熟附子（6克）﹑生
薑（15克）﹑白朮（15克）",
N-111,柴胡加龍牡湯,"柴胡（15克）﹑黃芩（9克）﹑法半夏（9克）﹑生薑（9克）﹑炙甘草（6克）﹑黨參（6克）﹑大棗（6克）﹑龍骨
（18克）﹑牡蠣（18克）",
N-112,海藻玉壼湯,"海藻（6克）﹑浙貝母（6克）﹑陳皮（6克）﹑昆布（6克）﹑青皮（6克）﹑川芎（6克）﹑當歸（6克）﹑法半夏
（6克）﹑連翹（6克）﹑生甘草（6克）﹑獨活（6克）﹑海帶（6克）",
N-113,荊芥連翹湯,"荊芥（6克）﹑柴胡（6克）﹑川芎（6克）﹑當歸（6克）﹑生地黃（6克）﹑赤芍（6克）﹑白芷（6克）﹑防風（6
克）﹑薄荷葉（6克）﹑山梔子（6克）﹑黃芩（6克）﹑桔梗（6克）﹑連翹（6克）﹑生甘草（6克）",
N-114,茯菟丹,茯苓（9克）﹑菟絲子（15克）﹑五味子（12克）﹑石蓮肉（6克）﹑山藥（9克）,
N-115,梔子豉湯,山梔子（12克）﹑淡豆豉（9克）,
N-116,清金化痰丸,"麥門冬（9克）﹑浙貝母（9克）﹑化橘皮（9克）﹑茯苓（9克）﹑桔梗（6克）﹑黃芩（4.5克）﹑山梔子（4.5克）
﹑桑白皮（3克）﹑知母（3克）﹑栝蔞仁（3克）﹑生甘草（1.5克）",
N-117,都氣丸,熟地黃（24克）﹑山茱萸（12克）﹑山藥（12克）﹑澤瀉（9克）﹑茯苓（9克）﹑茯苓（9克）﹑五味子（9克）,
N-118,麻杏苡甘湯,麻黃（15克）﹑薏苡仁（15克）﹑杏仁（9克）﹑炙甘草（3克）,
N-119,麻黃附子細辛湯,麻黃（9克）﹑熟附子（9克）﹑細辛（9克）,
N-120,滋陰降火湯,"白芍（9克）﹑熟地黃（6克）﹑麥門冬（6克）﹑生地黃（4.5克）﹑知母（3克）﹑當歸（6克）﹑天門冬（6克）﹑
白朮（6克）﹑陳皮（4.5克）﹑黃柏（3克）﹑生薑（3克）﹑炙甘草（3克）",
N-121,華蓋散,紫蘇子（6克）﹑赤茯苓（6克）﹑桑白皮（6克）﹑陳皮（6克）﹑杏仁（6克）﹑麻黃（6克）﹑炙甘草（3克）,
N-122,黃連阿膠湯,黃連（12克）﹑黃芩（6克）﹑白芍（6克）﹑阿膠（9克）,
N-123,溫清飲,"熟地黃（3克）﹑白芍（3克）﹑當歸（3克）﹑川芎（3克）﹑黃芩（3克）﹑黃連（3克）﹑黃柏（3克）﹑山梔子
（3克）﹑生地黃（3克）",
N-124,聖愈湯,熟地黃（12克）﹑當歸（9克）﹑白芍（9克）﹑川芎（6克）﹑黃芪（9克）﹑黨參（9克）,
N-125,葛花解酲湯,"木香（1.5克）﹑化橘皮（4.5克）﹑黨參（4.5克）﹑神曲（6克）﹑澤瀉（6克）﹑乾薑（6克）﹑豬苓（4.5克）﹑茯
苓（4.5克）﹑白朮（6克）﹑青皮（9克）﹑白豆蔻（15克）﹑砂仁（15克）﹑葛花（15克）",
N-126,實脾飲,"厚樸（6克）﹑白朮（6克）﹑木瓜（6克）﹑木香（6克）﹑草果仁（6克）﹑大腹皮（6克）﹑熟附子（6克）﹑茯苓
（6克）﹑黑乾薑（6克）﹑炙甘草（3克）",
N-127,滌痰湯,"法半夏（2.15克）﹑膽南星（2.15克）﹑枳實（6克）﹑茯苓（6克）﹑化橘皮（4.5克）﹑石菖蒲（1鐖）﹑黨參（3克）
﹑竹茹（2.1克）﹑生甘草（1.5克）﹑生薑（2.15克）",
N-128,導水茯苓湯,"白朮（9克）﹑麥門冬（9克）﹑澤瀉（9克）﹑赤茯苓（9克）﹑桑白皮（3克）﹑紫蘇葉（3克）﹑檳榔（3克）﹑木
瓜（3克）﹑大腹皮（3克）﹑陳皮（3克）﹑砂仁（3克）﹑木香（3克）﹑燈芯草（1.5克）",
N-129,歸芪建中湯,桂枝（9克）﹑白芍（9克）﹑生薑（9克）﹑大棗（9克）﹑炙甘草（6克）﹑當歸（9克）﹑黃芪（9克）,
N-130,乙字湯,當歸（18克）﹑柴胡（18克）﹑黃芩（9克）﹑生甘草（9克）﹑升麻（6克）﹑大黃（3克）,
N-131,十味敗毒散,"柴胡（6克）﹑獨活（6克）﹑防風（6克）﹑櫻皮（6克）﹑桔梗（6克）﹑川芎（6克）﹑茯苓（9克）﹑荊芥（3
克）﹑生甘草（3克）﹑乾薑（3克）",
N-132,三痺湯,"黨參（3克）﹑黃芪（3克）﹑茯苓（3克）﹑生甘草（3克）﹑當歸（3克）﹑川芎（3克）﹑白芍（3克）﹑生地黃
（3克）﹑杜仲（3克）﹑淮牛膝（3克）﹑續斷（3克）﹑桂枝（3克）﹑細辛（3克）﹑秦艽（3克）﹑獨活（3克）
﹑防風（3克）﹑生薑（3克）﹑大棗（3克）",
N-133,大補元煎,"黨參（18克）﹑山藥（6克）﹑杜仲（6克）﹑熟地黃（18克）﹑當歸（9克）﹑枸杞子（9克）﹑山茱萸（3克）﹑炙
甘草（6克）",
N-134,大補陰丸,龜板（9克）﹑熟地黃（9克）﹑黃柏（6克）﹑知母（6克）,
N-135,五子衍宗丸,枸杞子（24克）﹑菟絲子（24克）﹑五味子（3克）﹑覆盆子（12克）﹑車前子（6克）,
N-136,五仁丸,桃仁（15克）﹑杏仁（15克）﹑柏子仁（9克）﹑松子仁（4.5克）﹑郁李仁（4.5克）﹑陳皮（15克）,
N-137,木香順氣丸,"木香（6克）﹑香附子（6克）﹑檳榔（6克）﹑青皮（6克）﹑陳皮（6克）﹑厚樸（6克）﹑蒼朮（6克）﹑枳殼（6
克）﹑砂仁（6克）﹑炙甘草（3克）﹑生薑（6克）",
N-138,玉泉丸,"葛根（9克）﹑天花粉（6克）﹑麥門冬（6克）﹑黨參（6克）﹑茯苓（6克）﹑烏梅（6克）﹑生甘草（6克）﹑生黃
芪（3克）﹑炙黃芪（3克）",
N-139,安中散,生甘草（12克）﹑延胡索（6克）﹑良薑（6克）﹑生薑（6克）﹑小茴香（6克）﹑肉桂（6克）﹑牡蠣（12克）,
N-140,耳聾左慈丸,"熟地黃（24克）﹑山茱萸（12克）﹑山藥（12克）﹑牡丹皮（9克）﹑澤瀉（9克）﹑茯苓（9克）﹑柴胡（3克）﹑
煅磁石（3克）",
N-141,金鎖固精丸,沙菀子（12克）﹑芡實（12克）﹑蓮鬚（12克）﹑龍骨（24克）﹑牡蠣（24克）﹑蓮子肉（9克）,
N-142,首烏延壽丹,"何首烏（18克）﹑豨簽草（9克）﹑桑椹子（9克）﹑黑芝麻（9克）﹑金櫻子（9克）﹑菟絲子（9克）﹑旱蓮草（9
克）﹑杜仲（6克）﹑淮牛膝（6克）﹑女貞子（6克）﹑桑葉（6克）﹑忍冬藤（3克）﹑生地黃（3克）",
N-143,柴胡桂枝乾薑湯,柴胡（24克）﹑桂枝（9克）﹑黃芩（9克）﹑乾薑（6克）﹑牡蠣（6克）﹑炙甘草（6克）﹑天花粉（12克）,
N-144,烏藥順氣散,"麻黃（6克）﹑陳皮（6克）﹑烏藥（6克）﹑白僵蠶（3克）﹑川芎（3克）﹑枳殼（3克）﹑生甘草（3克）﹑白芷
（3克）﹑桔梗（3克）﹑黑乾薑（1.5克）﹑生薑（3克）﹑大棗（3克）",
N-145,栝蔞薤白半夏湯,栝蔞實（24克）﹑薤白（9克）﹑法半夏（15克）,
N-146,健脾丸,"白朮（15克）﹑木香（4.5克）﹑黃連（4.5克）﹑炙甘草（4.5克）﹑茯苓（12克）﹑黨參（9克）﹑神曲（6克）﹑陳
皮（6克）﹑砂仁（6克）﹑麥芽（6克）﹑山渣（6克）﹑山藥（6克）﹑肉豆蔻（6克）",
N-147,涼膈散,"大黃（12克）﹑元明粉（6克）﹑生甘草（12克）﹑山梔子（6克）﹑薄荷葉（6克）﹑黃芩（6克）﹑連翹（3克）﹑
淡竹葉（3克）",
N-148,清暑益氣湯,"太子參（9克）﹑石斛（6克）﹑麥門冬（9克）﹑黃連（9克）﹑淡竹葉（9克）﹑荷葉（9克）﹑知母（9克）﹑生甘
草（9克）﹑梗米（9克）﹑西瓜皮（9克）",
N-149,連翹敗毒散,"連翹（9克）﹑羌活（9克）﹑獨活（9克）﹑柴胡（9克）﹑薄荷葉（9克）﹑金銀花（9克）﹑枳殼（9克）﹑桔梗
（9克）﹑川芎（9克）﹑前胡（9克）﹑生甘草（9克）﹑茯苓（9克）﹑生薑（9克）",
N-150,滋腎通耳湯,"當歸（9克）﹑川芎（9克）﹑白芍（9克）﹑生地黃（9克）﹑黃岑（9克）﹑黃柏（9克）﹑柴胡（9克）﹑白芷（9
克）﹑香附子（9克）",
N-151,越婢加朮湯,石膏（18克）﹑麻黃（18克）﹑生薑（9克）﹑生甘草（6克）﹑大棗（9克）﹑白朮（12克）,
N-152,壽胎丸,菟絲子（12克）﹑桑寄生（6克）﹑續斷（6克）﹑阿膠（6克）,
N-153,槐花散,槐花（15克）﹑側柏葉（15克）﹑枳殼（15克）﹑荊芥（15克）,
N-154,蒿岑清膽湯,"青蒿（6克）﹑竹茹（9克）﹑法半夏（4.5克）﹑赤茯苓（9克）﹑黃芩（9克）﹑陳皮（4.5克）﹑枳殼（4.5克）﹑滑
石（9克）﹑生甘草（9克）﹑青黛（9克）",
N-155,豬苓湯,豬苓（12克）﹑茯苓（12克）﹑阿膠（12克）﹑澤瀉（12克）﹑滑石（9克）,
N-156,養心湯,"黃芪（6克）﹑茯苓（6克）﹑茯神（6克）﹑當歸（6克）﹑川芎（6克）﹑法半夏（6克）﹑柏子仁（4.5克）﹑酸棗
仁（4.5克）﹑五味子（4.5克）﹑遠志（4.5克）﹑黨參（4.5克）﹑肉桂（4.5克）﹑生甘草（3克）﹑生薑（6克）﹑
大棗（3克）",
N-157,龜鹿二仙膠,鹿角膠（30克）﹑龜板（15克）﹑枸杞子（9克）﹑黨參（4.5克）,
N-158,濟川煎,當歸（12克）﹑淮牛膝（6克）﹑肉蓯蓉（9克）﹑澤瀉（4.5克）﹑升麻（3克）﹑枳殼（3克）,
N-159,縮泉丸,烏藥（9克）﹑益智仁（9克）﹑山藥（6克）,
N-160,舉元煎,黨參（5參）﹑炙黃芪（15克）﹑炙甘草（6克）﹑升麻（2.1克）﹑白朮（6克）,
N-161,還少丹,"熟地黃（9克）﹑山藥（6克）﹑淮牛膝（6克）﹑枸杞子（6克）﹑山茱萸（3克）﹑茯苓（3克）﹑杜仲（3克）﹑遠
志（3克）﹑五味子（3克）﹑枳實（3克）﹑小茴香（3克）﹑巴戟天（3克）﹑肉蓯蓉（3克）﹑石菖蒲（3克）﹑大
棗（9克）",
N-162,雙解散,"石膏（30克）﹑滑石（9克）﹑黃芩（9克）﹑桔梗（9克）﹑生甘草（6克）﹑防風（6克）﹑川芎（6克）﹑當歸（6
克）﹑白芍（6克）﹑薄荷葉（6克）﹑麻黃（6克）﹑連翹（6克）﹑荊芥（6克）﹑白朮（6克）﹑山梔子（6克）",
N-163,響聲破笛散,"連翹（6克）﹑桔梗（9克）﹑生甘草（3克）﹑大黃（6克）﹑砂仁（6克）﹑川芎（9克）﹑訶子（9克）﹑薄荷葉
（6克）﹑前胡（6克）﹑紫蘇子（6克）",
8,三子養親湯,白芥子（6克）﹑紫蘇子（9克）﹑萊菔子（9克）,
9,三仁湯,"薏苡仁（18克）﹑滑石（18克）﹑杏仁（15克）﹑法半夏（15克）﹑白豆蔻（6克）﹑通草（6克）﹑淡竹葉（6克）
﹑厚樸（6克）",
10,大承氣湯,厚樸（24克）﹑大黃（12克）﹑枳實（12克）﹑元明粉（6克）,
15,天麻鈎藤飲,"石決明（18克）﹑川牛膝（12克）﹑鈎藤（12克）﹑天麻（9克）﹑山梔子（9克）﹑黃芩（9克）﹑杜仲（9克）﹑
益母草（9克）﹑桑寄生（9克）﹑夜交藤（9克）﹑茯神（9克）",
16,木香檳榔丸,"香附子（12克）﹑生薑（9克）﹑黃柏（9克）﹑大黃（9克）﹑木香（3克）﹑檳榔（3克）﹑青皮（3克）﹑黃連（3
克）﹑陳皮（3克）﹑莪朮（3克）",
17,五皮飲,生薑皮（9克）﹑桑白皮（9克）﹑陳皮（9克）﹑大腹皮（9克）﹑茯苓皮（9克）,
26,失笑散,五靈脂（9克）﹑蒲黃（9克）,
32,白虎湯,石膏（45克）﹑知母（12克）﹑梗米（9克）﹑生甘草（6克）,
33,白頭翁湯,白頭翁（9克）﹑黃柏（9克）﹑黃連（9克）﹑秦皮（9克）,
37,半夏白朮天麻湯,"白朮（15克）﹑法半夏（9克）﹑生薑（9克）﹑大棗（9克）﹑天麻（6克）﹑陳皮（6克）﹑茯苓（6克）﹑炙甘草
（3克）",
38,百合固金湯,"百合（9克）﹑熟地黃（9克）﹑生地黃（9克）﹑當歸（9克）﹑桔梗（9克）﹑玄參（9克）﹑麥門冬（9克）﹑川貝
母（9克）﹑白芍（6克）﹑生甘草（3克）",
40,竹葉石膏湯,石膏（45克）﹑麥門冬（24克）﹑淡竹葉（9克）﹑法半夏（9克）﹑黨參（6克）﹑炙甘草（6克）﹑梗米（6克）,
51,虎潛丸,"牛骨（30克）﹑黃柏（12克）﹑龜板（9克）﹑知母（6克）﹑熟地黃（6克）﹑陳皮（6克）﹑白芍（6克）﹑淮牛膝
（6克）﹑當歸（6克）﹑鎖陽（1.15克）﹑乾薑（3克）",
54,香砂養胃湯,"白朮（1.15克）﹑香附子（3克）﹑砂仁（3克）﹑蒼朮（3克）﹑厚樸（3克）﹑陳皮（3克）﹑茯苓（3克）﹑黨參
（3克）﹑木香（3克）﹑白豆蔻（3克）﹑生甘草（3克）﹑生薑（3克）﹑大棗（3克）",
56,苓桂朮甘湯,茯苓（12克）﹑桂枝（9克）﹑白朮（9克）﹑炙甘草（6克）,
59,桑螵蛸散,"龍骨（15克）﹑龜板（15克）﹑茯神（12克）﹑桑螵蛸（9克）﹑黨參（9克）﹑當歸（9克）﹑遠志（6克）﹑石菖
蒲（6克）",
61,真武湯,茯苓（9克）﹑白芍（9克）﹑白朮（6克）﹑生薑（9克）﹑熟附子（9克）,
69,旋覆代赭湯,代赭石（24克）﹑旋覆花（9克）﹑生薑（9克）﹑法半夏（9克）﹑炙甘草（6克）﹑黨參（6克）﹑大棗（6克）,
70,理中丸,黨參（9克）﹑乾薑（9克）﹑白朮（9克）﹑炙甘草（9克）,
72,清燥救肺湯,"石膏（15克）﹑枇杷葉（9克）﹑麥門冬（9克）﹑桑葉（9克）﹑阿膠（9克）﹑胡麻仁（6克）﹑黨參（6克）﹑杏
仁（6克）﹑生甘草（3克）",
73,麻黃湯,麻黃（12克）﹑桂枝（9克）﹑杏仁（9克）﹑炙甘草（9克）,
77,溫經湯,"吳茱萸（9克）﹑麥門冬（9克）﹑阿膠（9克）﹑當歸（6克）﹑赤芍（6克）﹑川芎（6克）﹑黨參（6克）﹑桂枝
（6克）﹑牡丹皮（6克）﹑生薑（6克）﹑生甘草（6克）﹑法半夏（6克）",
79,當歸六黃湯,黃芪（12克）﹑當歸（6克）﹑生地黃（6克）﹑熟地黃（6克）﹑黃芩（6克）﹑黃柏（6克）﹑黃連（6克）,
80,當歸四逆湯,當歸（12克）﹑桂枝（9克）﹑赤芍（9克）﹑大棗（9克）﹑炙甘草（6克）﹑川木通（6克）﹑細辛（3克）,
81,痛瀉要方,白朮（6克）﹑白芍（6克）﹑防風（6克）﹑陳皮（1.15克）,
82,陽和湯,熟地（1両）﹑肉桂（3克）﹑麻黃（6克）﹑鹿角霜（9克）﹑白芥子（6克）﹑生甘草（3克）﹑黑乾薑（3克）,
85,新加香薷飲,香薷（9克）﹑扁豆花（9克）﹑金銀花（9克）﹑厚樸（6克）﹑連翹（6克）,
87,葛根芩連湯,葛根（15克）﹑炙甘草（12克）﹑黃芩（9克）﹑黃連（9克）,
88,復元活血湯,大黃（12克）﹑桃仁（9克）﹑柴胡（9克）﹑栝蔞根（9克）﹑當歸（9克）﹑紅花（6克）﹑生甘草（6克）,
89,普濟消毒飲,"黃芩（15克）﹑黃連（15克）﹑陳皮（6克）﹑生甘草（6克）﹑玄參（6克）﹑柴胡（6克）﹑桔梗（6克）﹑連翹
（3克）﹑板藍根（3克）﹑馬勃（3克）﹑牛蒡子（3克）﹑薄荷葉（3克）﹑白僵蠶（3克）﹑升麻（3克）",
94,膠艾湯,生地黃（15克）﹑白芍（12克）﹑炙甘草（9克）﹑艾葉（9克）﹑當歸（9克）﹑阿膠（6克）﹑川芎（6克）,
95,導赤散,生地黃（6克）﹑木通（6克）﹑淡竹葉（6克）﹑甘草梢（6克）,
100,瀉白散,地骨皮（15克）﹑桑白皮（15克）﹑梗米（9克）﹑炙甘草（3克）,
101,瀉黃散,石膏（30克）﹑藿香（15克）﹑山梔子（9克）﹑生甘草（9克）﹑防風（9克）,
102,蘇子降氣湯,"紫蘇子（9克）﹑法半夏（9克）﹑當歸（6克）﹑炙甘草（6克）﹑前胡（6克）﹑厚樸（6克）﹑生薑（6克）﹑大棗
（6克）﹑肉桂（3克）﹑紫蘇葉（3克）",
105,清咽利膈湯,"大黃（6克）﹑元明粉（6克）﹑連翹（3克）﹑黃芩（3克）﹑生甘草（3克）﹑桔梗（3克）﹑荊芥（3克）﹑防風
（3克）﹑山梔子（3克）﹑薄荷葉（3克）﹑金銀花（3克）﹑黃連（3克）﹑牛蒡子（3克）﹑玄參（3克）",
106,少腹逐瘀湯,"當歸（9克）﹑蒲黃（9克）﹑小茴香（9克）﹑赤芍（6克）﹑五靈脂（6克）﹑乾薑（3克）﹑延胡索（3克）﹑沒藥
（3克）﹑川芎（3克）﹑肉桂（3克）",
107,甘露消毒丹,"滑石（15克）﹑茵陳蒿（9克）﹑黃芩（9克）﹑石菖蒲（6克）﹑川貝母（6克）﹑川木通（6克）﹑白蔻仁（3克）
﹑藿香（3克）﹑射干（3克）﹑連翹（3克）﹑薄荷葉（3克）",
